fraud_label,caller_age_days,calls_per_day,call_duration_sec,avg_call_duration_sec,unique_receivers_24h,receiver_block_rate,spam_reports_count,country_code_risk_score,night_call_ratio,sequential_dialing_score,graph_degree,previous_fraud_associations,reputation_score
0,994.6365714285714,37.447714285714284,280.00514285714286,278.7198,11.734142857142857,9.069128571428571,1.4801428571428572,28.427680000000002,19.878445714285714,16.595264285714286,99.41614285714286,0.3995714285714286,78.51943
1,257.93666666666667,704.2153333333333,57.87833333333333,51.706599999999995,140.475,62.468160000000005,56.648,62.33588,57.75635,71.58822,313.0203333333333,15.877666666666666,28.44187333333333
